,word,word_count
0,credit,184
1,debt,178
2,loan,148
3,car,133
4,pay,108
5,help,107
6,question,105
7,card,100
8,need,91
9,advice,88
10,year,80
11,student,77
12,new,72
13,account,69
14,money,69
15,step,65
16,month,64
17,saving,62
18,job,60
19,bs2,59
20,get,59
21,dave,59
22,baby,55
23,house,54
24,tax,53
25,401k,53
26,fund,53
27,insurance,52
28,mortgage,52
29,im,50
30,home,48
31,ira,46
32,paid,45
33,financial,43
34,first,43
35,best,42
36,v,42
37,score,39
38,roth,39
39,time,39
40,payment,38
41,budget,38
42,one,36
43,much,35
44,paying,35
45,want,35
46,2,34
47,bank,34
48,plan,34
49,retirement,33
50,getting,33
51,free,31
52,good,30
53,back,30
54,old,30
55,dont,30
56,make,29
57,buy,29
58,u,28
59,go,28
60,collection,28
61,way,28
62,interest,27
63,emergency,27
64,start,26
65,cash,26
66,would,26
67,income,26
68,bill,25
69,got,25
70,ramsey,25
71,invest,24
72,finance,24
73,please,24
74,3,24
75,college,24
76,work,24
77,looking,23
78,moving,23
79,buying,23
80,life,22
81,next,22
82,going,22
83,take,21
84,company,21
85,parent,20
86,school,19
87,investing,19
88,worth,19
89,know,19
90,personal,19
91,save,19
92,use,18
93,still,18
94,feel,18
95,received,18
96,bs3,17
97,starting,17
98,medical,17
99,paycheck,17
100,stock,17
101,situation,17
102,move,17
103,employer,17
104,daves,17
105,bad,17
106,state,16
107,refinance,16
108,sell,16
109,right,16
110,offer,16
111,health,16
112,anyone,16
113,option,15
114,taking,15
115,success,15
116,update,15
117,rate,15
118,balance,15
119,high,15
120,4,14
121,saturday,14
122,monday,14
123,moronic,14
124,rental,14
125,like,14
126,6,14
127,investment,14
128,idea,14
129,vehicle,14
130,rent,14
131,trying,13
132,15,13
133,long,13
134,20,13
135,bs1,13
136,online,13
137,extra,13
138,check,13
139,side,13
140,making,13
141,monthly,13
142,using,12
143,without,12
144,keep,12
145,regarding,12
146,ago,12
147,end,12
148,whats,12
149,hsa,12
150,afford,12
151,really,12
152,selling,12
153,someone,12
154,auto,12
155,today,12
156,feeling,11
157,cost,11
158,rollover,11
159,irs,11
160,fee,11
161,salary,11
162,owe,11
163,property,11
164,budgeting,11
165,two,11
166,cant,11
167,wife,11
168,refinancing,11
169,snowball,11
170,purchase,11
171,family,10
172,put,10
173,expense,10
174,week,10
175,finally,10
176,w4,10
177,another,10
178,market,10
179,started,10
180,vanguard,10
181,cc,10
182,lower,10
183,suggestion,10
184,care,10
185,5,10
186,sale,10
187,report,10
188,contribution,10
189,total,9
190,every,9
191,find,9
192,capital,9
193,tell,9
194,lease,9
195,done,9
196,never,9
197,career,9
198,recent,9
199,b,9
200,call,9
201,give,9
202,even,9
203,made,9
204,point,9
205,ive,9
206,order,9
207,due,9
208,debit,9
209,financially,9
210,open,9
211,0,9
212,friend,9
213,program,9
214,transfer,9
215,1,9
216,bs4,9
217,small,9
218,pension,9
219,dad,9
220,tip,8
221,business,8
222,show,8
223,enough,8
224,different,8
225,hustle,8
226,strategy,8
227,thinking,8
228,book,8
229,match,8
230,understand,8
231,dr,8
232,deposit,8
233,dollar,8
234,recommendation,8
235,wwdd,8
236,letter,8
237,living,8
238,second,8
239,mom,8
240,raise,8
241,well,8
242,found,8
243,day,8
244,working,8
245,negotiating,8
246,grad,8
247,little,8
248,real,8
249,estate,8
250,uk,8
251,needed,8
252,payoff,8
253,cut,8
254,live,8
255,else,8
256,people,8
257,sure,8
258,mother,7
259,havent,7
260,change,7
261,place,7
262,notice,7
263,figure,7
264,considering,7
265,age,7
266,better,7
267,checking,7
268,100,7
269,full,7
270,benefit,7
271,already,7
272,track,7
273,deciding,7
274,officially,7
275,leave,7
276,close,7
277,return,7
278,fpu,7
279,actually,7
280,say,7
281,towards,7
282,decision,7
283,reward,7
284,thing,7
285,advise,7
286,weird,7
287,higher,7
288,advisor,7
289,murphy,7
290,3b,7
291,limit,7
292,look,7
293,phone,7
294,stay,7
295,23,7
296,detail,6
297,simple,6
298,last,6
299,price,6
300,kind,6
301,used,6
302,affect,6
303,quitting,6
304,bs6,6
305,yet,6
306,share,6
307,education,6
308,young,6
309,manage,6
310,consolidation,6
311,wrong,6
312,12,6
313,progress,6
314,spouse,6
315,left,6
316,future,6
317,19,6
318,form,6
319,minimum,6
320,soon,6
321,low,6
322,sense,6
323,big,6
324,wont,6
325,charge,6
326,giving,6
327,method,6
328,proceed,6
329,married,6
330,hit,6
331,millionaire,6
332,line,6
333,term,6
334,repair,6
335,goal,6
336,let,6
337,primary,6
338,told,6
339,graduate,6
340,something,6
341,date,6
342,envelope,6
343,build,6
344,asking,6
345,pretty,6
346,sent,5
347,multiple,5
348,begin,5
349,youre,5
350,renting,5
351,dumb,5
352,apr,5
353,403b,5
354,husband,5
355,repayment,5
356,30,5
357,turn,5
358,scam,5
359,healthcare,5
360,planning,5
361,called,5
362,replace,5
363,always,5
364,abroad,5
365,financing,5
366,name,5
367,bit,5
368,file,5
369,applying,5
370,ahead,5
371,thought,5
372,stuck,5
373,american,5
374,goodbye,5
375,continue,5
376,possible,5
377,story,5
378,dispute,5
379,currently,5
380,may,5
381,decent,5
382,also,5
383,wait,5
384,partner,5
385,kid,5
386,warranty,5
387,wondering,5
388,everyday,5
389,100k,5
390,mistake,5
391,9,5
392,karma,5
393,large,5
394,completed,5
395,child,5
396,engineer,5
397,sinking,5
398,yield,5
399,apartment,5
400,mutual,5
401,pick,5
402,closing,5
403,fidelity,5
404,ok,5
405,current,5
406,dropped,5
407,potential,5
408,increase,5
409,max,5
410,love,5
411,spending,5
412,apply,5
413,talk,5
414,traditional,5
415,25,5
416,agency,5
417,heloc,5
418,opening,5
419,wise,5
420,refund,5
421,set,5
422,10,4
423,purchasing,4
424,21,4
425,handle,4
426,delinquent,4
427,screwed,4
428,pmi,4
429,unsure,4
430,contribute,4
431,visual,4
432,portfolio,4
433,period,4
434,around,4
435,try,4
436,withholding,4
437,fix,4
438,water,4
439,journey,4
440,lost,4
441,housing,4
442,choosing,4
443,almost,4
444,cap,4
445,tsp,4
446,filed,4
447,claim,4
448,calculation,4
449,problem,4
450,whole,4
451,2019,4
452,dental,4
453,ever,4
454,20k,4
455,given,4
456,value,4
457,union,4
458,settlement,4
459,terrible,4
460,accident,4
461,ask,4
462,adult,4
463,implication,4
464,putting,4
465,entering,4
466,trade,4
467,everydollar,4
468,understanding,4
469,identity,4
470,come,4
471,rule,4
472,assistance,4
473,service,4
474,owner,4
475,june,4
476,rid,4
477,part,4
478,closed,4
479,taxed,4
480,contractor,4
481,independent,4
482,amount,4
483,confused,4
484,ready,4
485,store,4
486,policy,4
487,buyout,4
488,later,4
489,degree,4
490,per,4
491,expensive,4
492,office,4
493,1000,4
494,early,4
495,based,4
496,bought,4
497,system,4
498,guy,4
499,traveling,4
500,serious,4
501,keeping,4
502,contract,4
503,related,4
504,hospital,4
505,premium,4
506,poor,4
507,deductible,4
508,control,4
509,fraudulent,4
510,50,4
511,1st,4
512,couple,4
513,2nd,4
514,stupid,4
515,though,4
516,brokerage,4
517,six,4
518,le,4
519,creating,4
520,tired,4
521,calculator,4
522,7,4
523,hard,4
524,saved,4
525,cheapest,4
526,single,4
527,personality,4
528,dream,4
529,country,4
530,app,4
531,bachelor,4
532,sum,4
533,read,4
534,process,4
535,huge,3
536,18,3
537,great,3
538,quote,3
539,gift,3
540,allocation,3
541,mess,3
542,important,3
543,yo,3
544,25k,3
545,master,3
546,hurt,3
547,mastercard,3
548,tackle,3
549,5k,3
550,secured,3
551,risk,3
552,grocery,3
553,requesting,3
554,impatient,3
555,reading,3
556,add,3
557,breakdown,3
558,variable,3
559,chris,3
560,tx,3
561,pslf,3
562,info,3
563,hogan,3
564,willing,3
565,index,3
566,settling,3
567,discouraged,3
568,city,3
569,halfway,3
570,building,3
571,hi,3
572,leverage,3
573,motivation,3
574,count,3
575,needing,3
576,cancel,3
577,experience,3
578,broke,3
579,provider,3
580,crisis,3
581,fsa,3
582,offered,3
583,inherited,3
584,dealer,3
585,pull,3
586,etf,3
587,opened,3
588,break,3
589,brother,3
590,id,3
591,excess,3
592,pizza,3
593,podcast,3
594,recently,3
595,sold,3
596,could,3
597,anything,3
598,955988,3
599,waiting,3
600,receiving,3
601,federal,3
602,behind,3
603,graduated,3
604,22,3
605,went,3
606,totally,3
607,hate,3
608,summer,3
609,many,3
610,happens,3
611,gap,3
612,level,3
613,inside,3
614,hear,3
615,girlfriend,3
616,cheap,3
617,tuition,3
618,victory,3
619,struggling,3
620,travel,3
621,everything,3
622,pocket,3
623,additional,3
624,changing,3
625,motivated,3
626,employee,3
627,stop,3
628,co,3
629,conversion,3
630,30k,3
631,missing,3
632,va,3
633,within,3
634,area,3
635,coming,3
636,3k,3
637,foreign,3
638,financed,3
639,buyer,3
640,ticket,3
641,mode,3
642,math,3
643,run,3
644,mail,3
645,issue,3
646,ally,3
647,split,3
648,bond,3
649,ca,3
650,podcasts,3
651,reddit,3
652,10000,3
653,thats,3
654,mine,3
655,average,3
656,party,3
657,offering,3
658,lender,3
659,leaving,3
660,night,3
661,amex,3
662,maximize,3
663,529,3
664,mean,3
665,four,3
666,truck,3
667,existing,3
668,surgery,3
669,resource,3
670,thankful,3
671,choice,3
672,came,3
673,losing,3
674,list,3
675,dealership,3
676,sitting,3
677,changed,3
678,50k,3
679,father,3
680,prime,3
681,amazon,3
682,divorce,3
683,flow,3
684,plus,3
685,forgiveness,3
686,finding,3
687,away,3
688,focus,3
689,doesnt,3
690,required,3
691,twice,3
692,hope,3
693,calculate,3
694,follow,3
695,8,3
696,hour,3
697,slightly,3
698,person,3
699,management,3
700,youve,3
701,finished,3
702,seems,3
703,flair,3
704,fault,3
705,w2,3
706,tithing,3
707,ssn,3
708,hold,3
709,estimated,3
710,inheritance,3
711,contributing,3
712,quick,3
713,driver,3
714,food,3
715,acknowledge,2
716,local,2
717,horrible,2
718,bonus,2
719,likely,2
720,picking,2
721,theft,2
722,clueless,2
723,bs456,2
724,customer,2
725,gazelle,2
726,53,2
727,makeover,2
728,realistic,2
729,13k,2
730,transition,2
731,lot,2
732,wash,2
733,basis,2
734,teen,2
735,steam,2
736,negative,2
737,via,2
738,inquiry,2
739,grandparent,2
740,phd,2
741,fill,2
742,thread,2
743,modern,2
744,earn,2
745,direct,2
746,scream,2
747,fit,2
748,landlord,2
749,gave,2
750,biz,2
751,1k,2
752,road,2
753,incoming,2
754,quickly,2
755,inflation,2
756,address,2
757,smartest,2
758,trad,2
759,contact,2
760,causing,2
761,utilization,2
762,initial,2
763,together,2
764,window,2
765,abandon,2
766,joining,2
767,dead,2
768,collect,2
769,double,2
770,impact,2
771,failed,2
772,security,2
773,doubling,2
774,attempt,2
775,voluntary,2
776,stuff,2
777,70k,2
778,intro,2
779,ac,2
780,short,2
781,maybe,2
782,aware,2
783,tree,2
784,learning,2
785,speeding,2
786,marriage,2
787,general,2
788,faster,2
789,increasing,2
790,26,2
791,switch,2
792,election,2
793,bs7,2
794,qualify,2
795,instead,2
796,project,2
797,adjusting,2
798,payday,2
799,cruise,2
800,fresh,2
801,chase,2
802,minor,2
803,uni,2
804,tomorrow,2
805,150,2
806,ef,2
807,winning,2
808,anybody,2
809,listening,2
810,refi,2
811,9k,2
812,mid,2
813,passed,2
814,dependent,2
815,request,2
816,consolidating,2
817,cashout,2
818,withdraw,2
819,fico,2
820,espp,2
821,rolled,2
822,donation,2
823,authorized,2
824,user,2
825,series,2
826,post,2
827,ill,2
828,isnt,2
829,since,2
830,event,2
831,chart,2
832,beginner,2
833,gas,2
834,nearly,2
835,allowance,2
836,profit,2
837,took,2
838,asap,2
839,rest,2
840,send,2
841,reason,2
842,fear,2
843,disability,2
844,immediately,2
845,warning,2
846,stolen,2
847,reported,2
848,dig,2
849,incredibly,2
850,magazine,2
851,disabled,2
852,completely,2
853,ssi,2
854,interested,2
855,dilemma,2
856,longer,2
857,taken,2
858,covered,2
859,alliant,2
860,quarterly,2
861,complete,2
862,lose,2
863,maxing,2
864,win,2
865,cover,2
866,finish,2
867,spot,2
868,hcol,2
869,intern,2
870,external,2
871,nyc,2
872,guidance,2
873,ugh,2
874,negotiate,2
875,shop,2
876,felt,2
877,joint,2
878,solo,2
879,guilty,2
880,estimate,2
881,charged,2
882,leasing,2
883,favorite,2
884,dent,2
885,three,2
886,america,2
887,usa,2
888,expected,2
889,activity,2
890,late,2
891,28,2
892,vtsax,2
893,earning,2
894,text,2
895,status,2
896,verify,2
897,absolute,2
898,basic,2
899,coach,2
900,usd,2
901,team,2
902,street,2
903,training,2
904,sewer,2
905,government,2
906,charging,2
907,necessary,2
908,etc,2
909,reasoning,2
910,able,2
911,target,2
912,toward,2
913,stability,2
914,video,2
915,fafsa,2
916,wit,2
917,sink,2
918,suv,2
919,spare,2
920,reporting,2
921,rabbit,2
922,non,2
923,ipo,2
924,skipping,2
925,useful,2
926,others,2
927,who,2
928,type,2
929,taught,2
930,recommend,2
931,met,2
932,fully,2
933,showing,2
934,noob,2
935,answer,2
936,opportunity,2
937,sooner,2
938,hvac,2
939,preparing,2
940,coverage,2
941,location,2
942,size,2
943,adding,2
944,upcoming,2
945,wealth,2
946,anti,2
947,adverse,2
948,exact,2
949,truly,2
950,contacting,2
951,heard,2
952,king,2
953,expecting,2
954,including,2
955,fire,2
956,bofa,2
957,strike,2
958,teenager,2
959,removal,2
960,scholarship,2
961,killing,2
962,firm,2
963,teacher,2
964,youtube,2
965,throwing,2
966,gig,2
967,cancelling,2
968,university,2
969,might,2
970,70,2
971,refusing,2
972,urgent,2
973,trust,2
974,visited,2
975,damage,2
976,amending,2
977,position,2
978,license,2
979,fake,2
980,worker,2
981,graduating,2
982,seeking,2
983,freelancer,2
984,specific,2
985,article,2
986,brand,2
987,considered,2
988,south,2
989,throughout,2
990,delinquency,2
991,exempt,2
992,yr,2
993,commute,2
994,earned,2
995,mountain,2
996,cpa,2
997,history,2
998,zelle,2
999,separate,2
1000,switching,2
1001,led,2
1002,junk,2
1003,possibly,2
1004,number,2
1005,confusion,2
1006,subscription,2
1007,11,2
1008,intense,2
1009,avoid,2
1010,principal,2
1011,microsoft,2
1012,normal,2
1013,houston,2
1014,wanting,2
1015,legit,2
1016,victim,2
1017,llc,2
1018,deduction,2
1019,broken,2
1020,class,2
1021,base,2
1022,frustrated,2
1023,bye,2
1024,anymore,2
1025,500,2
1026,reduce,2
1027,followed,2
1028,3500,2
1029,everyone,2
1030,world,2
1031,pretax,2
1032,2012,2
1033,smart,2
1034,listen,2
1035,didnt,2
1036,downpayment,2
1037,glad,2
1038,quit,2
1039,category,2
1040,product,2
1041,totaled,2
1042,messed,2
1043,3rd,2
1044,1099,2
1045,matter,2
1046,penalty,2
1047,upside,2
1048,preapproved,2
1049,thank,2
1050,word,2
1051,14,2
1052,onto,2
1053,000,2
1054,cosigner,2
1055,talked,2
1056,compensation,2
1057,equity,2
1058,worry,2
1059,delete,2
1060,cd,2
1061,2k,2
1062,wall,2
1063,15year,2
1064,fixed,2
1065,write,2
1066,filing,2
1067,banking,2
1068,helping,2
1069,present,2
1070,engagement,2
1071,input,2
1072,delivery,2
1073,support,2
1074,wish,2
1075,canadian,2
1076,title,2
1077,eligible,2
1078,2020,2
1079,mil,2
1080,figuring,2
1081,light,2
1082,accounting,2
1083,rant,2
1084,million,2
1085,learn,2
1086,defined,2
1087,half,2
1088,sign,2
1089,cryptocurrency,2
1090,prepare,2
1091,chunk,2
1092,grow,2
1093,educate,2
1094,spend,2
1095,luck,2
1096,betterment,2
1097,lending,2
1098,morgage,2
1099,cell,2
1100,annual,2
1101,express,2
1102,ubereats,2
1103,managing,2
1104,website,2
1105,weekend,2
1106,pre,2
1107,accidentally,2
1108,said,2
1109,wavering,2
1110,alternative,2
1111,lump,2
1112,withdrawn,1
1113,hill,1
1114,server,1
1115,nonus,1
1116,115k,1
1117,see,1
1118,hedge,1
1119,partial,1
1120,applicant,1
1121,accrual,1
1122,national,1
1123,mlm,1
1124,department,1
1125,embarking,1
1126,databaselist,1
1127,la,1
1128,differentiate,1
1129,scripture,1
1130,plummeting,1
1131,individual,1
1132,advising,1
1133,cancer,1
1134,reject,1
1135,extended,1
1136,90k,1
1137,sheet,1
1138,alright,1
1139,apology,1
1140,feelimg,1
1141,death,1
1142,dating,1
1143,awesome,1
1144,sucked,1
1145,hustling,1
1146,northwestern,1
1147,there,1
1148,weakness,1
1149,moment,1
1150,outgoings,1
1151,babystep,1
1152,sub,1
1153,opencreate,1
1154,insane,1
1155,withdrawal,1
1156,disposable,1
1157,lovely,1
1158,church,1
1159,multi,1
1160,ie,1
1161,survive,1
1162,art,1
1163,folk,1
1164,grandchild,1
1165,skeptical,1
1166,2055,1
1167,renovating,1
1168,member,1
1169,minus,1
1170,potentially,1
1171,backup,1
1172,hobokennyc,1
1173,several,1
1174,amazing,1
1175,stayathome,1
1176,192k,1
1177,picture,1
1178,richer,1
1179,selection,1
1180,hardest,1
1181,voya,1
1182,lossesmaking,1
1183,adapted,1
1184,borrowing,1
1185,proposes,1
1186,platform,1
1187,white,1
1188,nofee,1
1189,longstanding,1
1190,maintain,1
1191,processing,1
1192,internet,1
1193,default,1
1194,woman,1
1195,scum,1
1196,afraid,1
1197,crap,1
1198,curiosity,1
1199,thin,1
1200,internship,1
1201,experian,1
1202,liquidity,1
1203,reached,1
1204,mix,1
1205,recruiter,1
1206,astray,1
1207,collectorsirs,1
1208,patient,1
1209,480,1
1210,korean,1
1211,threw,1
1212,law,1
1213,vul,1
1214,minimizing,1
1215,enable,1
1216,payed,1
1217,following,1
1218,1300,1
1219,fiance,1
1220,incorporation,1
1221,taxation,1
1222,planned,1
1223,goodwill,1
1224,receipt,1
1225,fastest,1
1226,longterm,1
1227,dual,1
1228,2300,1
1229,solidify,1
1230,solely,1
1231,bs7ish,1
1232,hypothetical,1
1233,unexpected,1
1234,hobbyist,1
1235,stack,1
1236,recovered,1
1237,hacked,1
1238,nonexistent,1
1239,relative,1
1240,readiness,1
1241,terrified,1
1242,401kroth,1
1243,extension,1
1244,offbeat,1
1245,proposal,1
1246,tin,1
1247,can,1
1248,duped,1
1249,string,1
1250,comeback,1
1251,irresponsible,1
1252,edrp,1
1253,dca,1
1254,gazelleintense,1
1255,talktalk,1
1256,hell,1
1257,afterbaby,1
1258,rolling,1
1259,priority,1
1260,prosper,1
1261,iragtroth,1
1262,voided,1
1263,sister,1
1264,failuretopay,1
1265,whatsoever,1
1266,installment,1
1267,spent,1
1268,listed,1
1269,foundation,1
1270,saw,1
1271,sex,1
1272,addict,1
1273,older,1
1274,news,1
1275,fox,1
1276,removed,1
1277,seadoos,1
1278,consolidate,1
1279,stipend,1
1280,controller,1
1281,weed,1
1282,300,1
1283,often,1
1284,ugly,1
1285,rocking,1
1286,threatening,1
1287,rural,1
1288,preventing,1
1289,24,1
1290,au,1
1291,racing,1
1292,autocross,1
1293,eventual,1
1294,contacted,1
1295,email,1
1296,churchill,1
1297,curriculum,1
1298,posttax,1
1299,aid,1
1300,visit,1
1301,english,1
1302,kitchen,1
1303,celebrating,1
1304,3000,1
1305,nice,1
1306,customizing,1
1307,fork,1
1308,row,1
1309,foot,1
1310,20002500,1
1311,software,1
1312,confirmation,1
1313,harder,1
1314,schwabs,1
1315,charles,1
1316,unit,1
1317,hecks,1
1318,retaining,1
1319,impound,1
1320,recognize,1
1321,autopayment,1
1322,secular,1
1323,whoop,1
1324,normally,1
1325,lab,1
1326,careful,1
1327,fundamental,1
1328,konmari,1
1329,residency,1
1330,interestfree,1
1331,coaching,1
1332,grandmother,1
1333,deceased,1
1334,fever,1
1335,averaging,1
1336,nursing,1
1337,yard,1
1338,precollege,1
1339,circumstance,1
1340,explain,1
1341,duplex,1
1342,inc,1
1343,cnbcs,1
1344,eventually,1
1345,totaling,1
1346,unrecovered,1
1347,500000,1
1348,secure,1
1349,fl,1
1350,construction,1
1351,hce,1
1352,airway,1
1353,attack,1
1354,bedroom,1
1355,subleasing,1
1356,doordash,1
1357,wrap,1
1358,appropriately,1
1359,guide,1
1360,guiltyillegitimate,1
1361,midyear,1
1362,nc,1
1363,wilmington,1
1364,yesterday,1
1365,tempted,1
1366,newcomer,1
1367,leasingpurchasing,1
1368,leaseholder,1
1369,daughterinlaws,1
1370,shiesty,1
1371,monthtomonth,1
1372,wanted,1
1373,debtfinishing,1
1374,2027,1
1375,october,1
1376,scheduled,1
1377,excellent,1
1378,gainslosses,1
1379,58k,1
1380,bursary,1
1381,fargo,1
1382,lie,1
1383,parity,1
1384,rock,1
1385,bottom,1
1386,panic,1
1387,waitersrestaurants,1
1388,clutch,1
1389,psa,1
1390,truth,1
1391,transmission,1
1392,drop,1
1393,green,1
1394,lottery,1
1395,secretly,1
1396,stateside,1
1397,logical,1
1398,incurs,1
1399,valery,1
1400,zerocreditscoregang,1
1401,commission,1
1402,deal,1
1403,seminary,1
1404,3300,1
1405,roll,1
1406,disaster,1
1407,chernobyl,1
1408,investigating,1
1409,weekly,1
1410,legasov,1
1411,ama,1
1412,unique,1
1413,45,1
1414,chief,1
1415,130,1
1416,performing,1
1417,soviet,1
1418,chemist,1
1419,calling,1
1420,regard,1
1421,timewwdd,1
1422,enrollment,1
1423,explorer,1
1424,ford,1
1425,bureau,1
1426,investingoptions,1
1427,transaction,1
1428,york,1
1429,happened,1
1430,swanson,1
1431,ron,1
1432,reminds,1
1433,tracker,1
1434,stream,1
1435,8600,1
1436,vacation,1
1437,biweekly,1
1438,peace,1
1439,placed,1
1440,lien,1
1441,lendercredit,1
1442,duplicate,1
1443,response,1
1444,permission,1
1445,medicaid,1
1446,structured,1
1447,annuity,1
1448,frozen,1
1449,conflicted,1
1450,operate,1
1451,scammed,1
1452,375,1
1453,anyway,1
1454,comingle,1
1455,creditkarma,1
1456,donatingselling,1
1457,watch,1
1458,increased,1
1459,interview,1
1460,wheel,1
1461,spinning,1
1462,counter,1
1463,b2any,1
1464,august,1
1465,dishwasher,1
1466,42000,1
1467,audited,1
1468,attacking,1
1469,significantly,1
1470,racked,1
1471,elderly,1
1472,prioritizing,1
1473,link,1
1474,playlist,1
1475,spotify,1
1476,everdollar,1
1477,shazaming,1
1478,music,1
1479,bump,1
1480,establishing,1
1481,unpaid,1
1482,timing,1
1483,underwritten,1
1484,suddenly,1
1485,message,1
1486,graphic,1
1487,stort,1
1488,ignore,1
1489,coordinating,1
1490,walk,1
1491,leaking,1
1492,cardsbuilding,1
1493,underwater,1
1494,exclusion,1
1495,propane,1
1496,tesla,1
1497,handled,1
1498,consignment,1
1499,realized,1
1500,contracttohire,1
1501,writing,1
1502,unsubsidized,1
1503,roof,1
1504,pause,1
1505,inventory,1
1506,52,1
1507,freshman,1
1508,retiring,1
1509,qualifying,1
1510,transporting,1
1511,138k,1
1512,thoughtsfeedback,1
1513,signer,1
1514,head,1
1515,marrying,1
1516,reliable,1
1517,tragedy,1
1518,california,1
1519,indirectly,1
1520,requirement,1
1521,sketchy,1
1522,odd,1
1523,paperwork,1
1524,secret,1
1525,fipfx,1
1526,m1,1
1527,doable,1
1528,mcc,1
1529,performance,1
1530,apps,1
1531,itemize,1
1532,attn,1
1533,collector,1
1534,watching,1
1535,locked,1
1536,toxic,1
1537,consolidated,1
1538,september,1
1539,asset,1
1540,review,1
1541,challenge,1
1542,trip,1
1543,password,1
1544,repeated,1
1545,thermostat,1
1546,30day,1
1547,introducing,1
1548,59,1
1549,reference,1
1550,shot,1
1551,intensity,1
1552,passive,1
1553,advertising,1
1554,trackmanage,1
1555,newly,1
1556,59k,1
1557,approx,1
1558,shack,1
1559,prior,1
1560,lucky,1
1561,true,1
1562,118,1
1563,whoa,1
1564,hole,1
1565,subscriber,1
1566,deep,1
1567,timebarred,1
1568,widow,1
1569,follower,1
1570,theme,1
1571,2101057,1
1572,cancellation,1
1573,elp,1
1574,moderate,1
1575,3yr,1
1576,overwhelmed,1
1577,injured,1
1578,belief,1
1579,mo,1
1580,son,1
1581,anyways,1
1582,stepsexactly,1
1583,staying,1
1584,positive,1
1585,sort,1
1586,raising,1
1587,decrease,1
1588,claiming,1
1589,200,1
1590,improve,1
1591,percent,1
1592,ladder,1
1593,inner,1
1594,channel,1
1595,aftertax,1
1596,funded,1
1597,jurisdiction,1
1598,maxed,1
1599,maternity,1
1600,fmla,1
1601,shortterm,1
1602,fast,1
1603,reversed,1
1604,36000,1
1605,referee,1
1606,unemployment,1
1607,ride,1
1608,obtain,1
1609,diploma,1
1610,withdrawing,1
1611,meme,1
1612,oliver,1
1613,club,1
1614,john,1
1615,tonight,1
1616,citibank,1
1617,sue,1
1618,appearance,1
1619,allowed,1
1620,merge,1
1621,clip,1
1622,denial,1
1623,gauge,1
1624,instacart,1
1625,showed,1
1626,overtime,1
1627,ease,1
1628,easiest,1
1629,deadline,1
1630,fishy,1
1631,trouble,1
1632,planner,1
1633,marked,1
1634,disputed,1
1635,tried,1
1636,weight,1
1637,gaining,1
1638,dumped,1
1639,settled,1
1640,divide,1
1641,notification,1
1642,factoring,1
1643,thoughtsopinions,1
1644,360,1
1645,employment,1
1646,75k,1
1647,destroyed,1
1648,couch,1
1649,lawn,1
1650,32187,1
1651,hotel,1
1652,magic,1
1653,reassurance,1
1654,blog,1
1655,proscons,1
1656,daver,1
1657,inspiring,1
1658,taxesfees,1
1659,activate,1
1660,expired,1
1661,rebate,1
1662,inherit,1
1663,poster,1
1664,debton,1
1665,sought,1
1666,reccomend,1
1667,estimating,1
1668,abnormally,1
1669,removing,1
1670,chore,1
1671,indian,1
1672,prudential,1
1673,registered,1
1674,appreciable,1
1675,sensitive,1
1676,bs2bs3,1
1677,bos,1
1678,incomedriven,1
1679,balancesrates,1
1680,savingsira,1
1681,billed,1
1682,bankruptcy,1
1683,meal,1
1684,cashed,1
1685,promotion,1
1686,100000,1
1687,sleeping,1
1688,approach,1
1689,internal,1
1690,acquisition,1
1691,fallen,1
1692,comment,1
1693,tunnel,1
1694,forget,1
1695,33,1
1696,group,1
1697,34,1
1698,inlaws,1
1699,savingsbill,1
1700,moverelocate,1
1701,beyond,1
1702,third,1
1703,f,1
1704,45k,1
1705,23y,1
1706,457,1
1707,43,1
1708,chicago,1
1709,studio,1
1710,adviceplease,1
1711,roommate,1
1712,7k,1
1713,liberating,1
1714,screenshots,1
1715,collision,1
1716,legally,1
1717,falling,1
1718,hello,1
1719,entire,1
1720,cardsparents,1
1721,zero,1
1722,receiveask,1
1723,hourly,1
1724,2008,1
1725,3160,1
1726,bmw,1
1727,328i,1
1728,135000km,1
1729,efunds,1
1730,outside,1
1731,quoted,1
1732,yes,1
1733,oh,1
1734,preferably,1
1735,reshuffle,1
1736,sol,1
1737,lifetime,1
1738,uncharacteristic,1
1739,ad,1
1740,facebook,1
1741,strong,1
1742,outright,1
1743,kaput,1
1744,disappeared,1
1745,urge,1
1746,stayed,1
1747,2017,1
1748,camera,1
1749,updated,1
1750,schedule,1
1751,liquidated,1
1752,austin,1
1753,letting,1
1754,photographer,1
1755,freelance,1
1756,convert,1
1757,litecoin,1
1758,knowing,1
1759,spender,1
1760,worthy,1
1761,othersub,1
1762,agent,1
1763,thoroughly,1
1764,researching,1
1765,industry,1
1766,defaulted,1
1767,happy,1
1768,trigger,1
1769,91000,1
1770,tweaking,1
1771,cellphone,1
1772,debtfree,1
1773,laptop,1
1774,preowned,1
1775,insurancestork,1
1776,besides,1
1777,squeak,1
1778,discover,1
1779,annually,1
1780,fair,1
1781,calmed,1
1782,welfare,1
1783,aiming,1
1784,ball,1
1785,snow,1
1786,178month,1
1787,aaron,1
1788,chargedoff,1
1789,ownership,1
1790,overnight,1
1791,goto,1
1792,usual,1
1793,refractory,1
1794,near,1
1795,platinum,1
1796,approved,1
1797,bs5,1
1798,rentutilities,1
1799,gotta,1
1800,rating,1
1801,nerdwallet,1
1802,proactive,1
1803,wouldve,1
1804,66000,1
1805,456ers,1
1806,bs7ers,1
1807,requested,1
1808,usually,1
1809,community,1
1810,curious,1
1811,tear,1
1812,wear,1
1813,rgivingstories,1
1814,ruined,1
1815,ambulance,1
1816,caller,1
1817,household,1
1818,retirment,1
1819,sahm,1
1820,affordable,1
1821,poverty,1
1822,international,1
1823,ring,1
1824,microwave,1
1825,comprehensive,1
1826,arrival,1
1827,forclosure,1
1828,acct,1
1829,repaired,1
1830,narrative,1
1831,previously,1
1832,energy,1
1833,furnace,1
1834,highboy,1
1835,lowinterest,1
1836,versus,1
1837,settle,1
1838,door,1
1839,pole,1
1840,ran,1
1841,include,1
1842,action,1
1843,course,1
1844,challenging,1
1845,theftssn,1
1846,101,1
1847,freecredit,1
1848,nightmare,1
1849,17,1
1850,page,1
1851,controllingpossessive,1
1852,complication,1
1853,efficient,1
1854,27f,1
1855,manual,1
1856,relocate,1
1857,clean,1
1858,rebuild,1
1859,denied,1
1860,weighing,1
1861,waitress,1
1862,teller,1
1863,crv,1
1864,grownup,1
1865,reinvest,1
1866,9999year,1
1867,underwriting,1
1868,typical,1
1869,opposed,1
1870,365,1
1871,educator,1
1872,download,1
1873,raiseand,1
1874,momentum,1
1875,inevitably,1
1876,korea,1
1877,everytime,1
1878,changeunwarranted,1
1879,uh,1
1880,w9,1
1881,hbc,1
1882,cashback,1
1883,spc,1
1884,bmo,1
1885,turnover,1
1886,35000,1
1887,realization,1
1888,ground,1
1889,drive,1
1890,weekday,1
1891,view,1
1892,hand,1
1893,40000,1
1894,signup,1
1895,accountpromotion,1
1896,cardchecking,1
1897,network,1
1898,define,1
1899,tfsa,1
1900,catch,1
1901,growth,1
1902,technique,1
1903,funding,1
1904,bs45,1
1905,remainder,1
1906,torn,1
1907,constantly,1
1908,stress,1
1909,fleece,1
1910,mampt,1
1911,agree,1
1912,argument,1
1913,mental,1
1914,shared,1
1915,covering,1
1916,exit,1
1917,smaller,1
1918,rather,1
1919,judgement,1
1920,reflair,1
1921,sorry,1
1922,freewhispers,1
1923,consumer,1
1924,easy,1
1925,site,1
1926,600000,1
1927,exemption,1
1928,spiritually,1
1929,avoided,1
1930,craziest,1
1931,skip,1
1932,traveler,1
1933,unusual,1
1934,categorize,1
1935,questionassistance,1
1936,spiraling,1
1937,tactic,1
1938,tool,1
1939,social,1
1940,younger,1
1941,discount,1
1942,accepted,1
1943,inspiration,1
1944,leased,1
1945,ideal,1
1946,cu,1
1947,yup,1
1948,recasting,1
1949,discovering,1
1950,23400,1
1951,compared,1
1952,fantasy,1
1953,apart,1
1954,inactivity,1
1955,discrepancy,1
1956,unsolicited,1
1957,515,1
1958,active,1
1959,template,1
1960,excel,1
1961,lgbt,1
1962,repossession,1
1963,gonna,1
1964,unemployed,1
1965,indefinitely,1
1966,cue,1
1967,friday,1
1968,1610614,1
1969,till,1
1970,jobless,1
1971,cannot,1
1972,disciplined,1
1973,loanincreasing,1
1974,looming,1
1975,created,1
1976,act,1
1977,anxiety,1
1978,independant,1
1979,overspending,1
1980,rationale,1
1981,61000,1
1982,information,1
1983,god,1
1984,inspection,1
1985,pas,1
1986,fall,1
1987,housebs,1
1988,mint,1
1989,create,1
1990,sage,1
1991,unthinkable,1
1992,401ks,1
1993,newer,1
1994,verizon,1
1995,dealing,1
1996,remote,1
1997,adviceeducational,1
1998,difference,1
1999,bimonthly,1
2000,millenial,1
2001,table,1
2002,wage,1
2003,gf,1
2004,loancredit,1
2005,nothing,1
2006,567,1
2007,authorize,1
2008,werent,1
2009,july,1
2010,20000,1
2011,surprise,1
2012,relatively,1
2013,entity,1
2014,31m,1
2015,sorting,1
2016,ratio,1
2017,clerk,1
2018,95,1
2019,laborer,1
2020,shift,1
2021,grade,1
2022,significant,1
2023,fed,1
2024,park,1
2025,youngish,1
2026,worked,1
2027,2hr,1
2028,visa,1
2029,tn,1
2030,wherehow,1
2031,president,1
2032,relationship,1
2033,mostly,1
2034,ministry,1
2035,sharing,1
2036,lifestyle,1
2037,coleman,1
2038,ken,1
2039,shame,1
2040,disgrace,1
2041,solution,1
2042,apologism,1
2043,wealthy,1
2044,sweetest,1
2045,drastic,1
2046,updating,1
2047,distribution,1
2048,major,1
2049,456,1
2050,mega,1
2051,backdoor,1
2052,10x,1
2053,clue,1
2054,homeless,1
2055,space,1
2056,b3,1
2057,reserve,1
2058,force,1
2059,air,1
2060,join,1
2061,highearners,1
2062,literally,1
2063,410k,1
2064,thp,1
2065,exceeded,1
2066,therehow,1
2067,bs6ers,1
2068,tommorow,1
2069,nicer,1
2070,climb,1
2071,strength,1
2072,holding,1
2073,cardreal,1
2074,signed,1
2075,awful,1
2076,mad,1
2077,remained,1
2078,appeared,1
2079,gone,1
2080,defeated,1
2081,bs0,1
2082,global,1
2083,ftse,1
2084,blew,1
2085,tank,1
2086,hot,1
2087,consequence,1
2088,easier,1
2089,apple,1
2090,towed,1
2091,opinion,1
2092,30000,1
2093,4k,1
2094,approve,1
2095,pil,1
2096,85k,1
2097,proud,1
2098,seized,1
2099,24k,1
2100,1350,1
2101,755,1
2102,careerschool,1
2103,earnings,1
2104,10k,1
2105,helicopter,1
2106,escaping,1
2107,22k,1
2108,earner,1
2109,cuss,1
2110,disagree,1
2111,room,1
2112,pmonth,1
2113,breathing,1
2114,dentist,1
2115,4000,1
2116,achieved,1
2117,90,1
2118,daveterminology,1
2119,think,1
2120,appreciated,1
2121,fianc√©s,1
2122,engaged,1
2123,sending,1
2124,aunt,1
2125,33000,1
2126,homemade,1
2127,condotownhouse,1
2128,gfs,1
2129,cutting,1
2130,mile,1
2131,flyer,1
2132,frequent,1
2133,43k,1
2134,clearing,1
2135,sohere,1
2136,24yearold,1
2137,disappearedhelp,1
2138,dinq,1
2139,agreed,1
2140,weve,1
2141,mentor,1
2142,meet,1
2143,century,1
2144,21st,1
2145,illinois,1
2146,uae,1
2147,play,1
2148,1600,1
2149,graduation,1
2150,pure,1
2151,bounce,1
2152,andor,1
2153,42569,1
2154,savinginvesting,1
2155,condo,1
2156,owes,1
2157,metlife,1
2158,collegehow,1
2159,rameys,1
2160,seemsoff,1
2161,amended,1
2162,pro,1
2163,vester,1
2164,decided,1
2165,disengaging,1
2166,rough,1
2167,overfunded,1
2168,flipping,1
2169,quicker,1
2170,storm,1
2171,facilitate,1
2172,extreme,1
2173,eg,1
2174,payout,1
2175,cloned,1
2176,barclays,1
2177,70000,1
2178,various,1
2179,described,1
2180,included,1
2181,despite,1
2182,mort,1
2183,equifax,1
2184,downside,1
2185,disputing,1
2186,chance,1
2187,nonresident,1
2188,winding,1
2189,ultra,1
2190,thrift,1
2191,applies,1
2192,directive,1
2193,pf,1
2194,stub,1
2195,tutoring,1
2196,6month,1
2197,holder,1
2198,accurate,1
2199,ramseys,1
2200,seven,1
2201,item,1
2202,standing,1
2203,equal,1
2204,cosignature,1
2205,protection,1
2206,far,1
2207,public,1
2208,minivan,1
2209,readinglistening,1
2210,planprovider,1
2211,suggested,1
2212,copy,1
2213,medicredit,1
2214,lesson,1
2215,teaching,1
2216,bs13,1
2217,fuel,1
2218,reducing,1
2219,suit,1
2220,wedding,1
2221,echeck,1
2222,associate,1
2223,deferring,1
2224,unneeded,1
2225,irrational,1
2226,rational,1
2227,equivalent,1
2228,trading,1
2229,gold,1
2230,advicetips,1
2231,advicemotivation,1
2232,reaching,1
2233,rut,1
2234,gtoptions,1
2235,straight,1
2236,therapy,1
2237,physical,1
2238,discovered,1
2239,submit,1
2240,amendment,1
2241,result,1
2242,instruction,1
2243,jpy,1
2244,regularly,1
2245,ass,1
2246,retroactively,1
2247,accomplish,1
2248,recover,1
2249,overdraft,1
2250,140,1
2251,acured,1
2252,knocked,1
2253,12001400,1
2254,extremely,1
2255,86,1
2256,saying,1
2257,costscancel,1
2258,republic,1
2259,logistics,1
2260,dominican,1
2261,honeymoon,1
2262,hurting,1
2263,ban,1
2264,overpaying,1
2265,inperson,1
2266,disclose,1
2267,nay,1
2268,yay,1
2269,lied,1
2270,tmobile,1
2271,1015,1
2272,supplemental,1
2273,webinar,1
2274,decide,1
2275,childrens,1
2276,coding,1
2277,fan,1
2278,bilingual,1
2279,trapped,1
2280,lawyer,1
2281,accommodation,1
2282,reasonable,1
2283,random,1
2284,consistent,1
2285,1800,1
2286,factory,1
2287,wasted,1
2288,theyve,1
2289,refunded,1
2290,overdrew,1
2291,fighting,1
2292,battle,1
2293,uphill,1
2294,1700,1
2295,winner,1
2296,owed,1
2297,parttime,1
2298,unwillingincapable,1
2299,frugality,1
2300,escalated,1
2301,contributionsroth,1
2302,determining,1
2303,objective,1
2304,delivering,1
2305,negotiable,1
2306,mba,1
2307,aside,1
2308,2007,1
2309,train,1
2310,bullet,1
2311,former,1
2312,divest,1
2313,26m,1
2314,exceed,1
2315,sideget,1
2316,withdrew,1
2317,wouldnt,1
2318,responsible,1
2319,europe,1
2320,upgrade,1
2321,land,1
2322,determine,1
2323,minimal,1
2324,apy,1
2325,illness,1
2326,terminal,1
2327,fixing,1
2328,barrier,1
2329,biggest,1
2330,upfront,1
2331,deer,1
2332,colorado,1
2333,agi,1
2334,humble,1
2335,shred,1
2336,2018,1
2337,counseling,1
2338,nonprofit,1
2339,verification,1
2340,concentrate,1
2341,gain,1
2342,correct,1
2343,oldnew,1
2344,impossible,1
2345,aldi,1
2346,ramseysolutions,1
2347,separately,1
2348,struggle,1
2349,latefiling,1
2350,purpose,1
2351,sit,1
2352,reverse,1
2353,macdonald,1
2354,norm,1
2355,comic,1
2356,connectionresumecover,1
2357,shes,1
2358,commuter,1
2359,calstrs,1
2360,scaling,1
2361,flight,1
2362,220,1
2363,temporary,1
2364,blame,1
2365,miss,1
2366,gonei,1
2367,prepaid,1
2368,24000,1
2369,utility,1
2370,woe,1
2371,isa,1
2372,turned,1
2373,button,1
2374,pressed,1
2375,seem,1
2376,vr,1
2377,dipping,1
2378,cheaper,1
2379,choose,1
2380,ftw,1
2381,spa,1
2382,direction,1
2383,producing,1
2384,residence,1
2385,faced,1
2386,low600s,1
2387,5000,1
2388,become,1
2389,doubled,1
2390,7343,1
2391,wagon,1
2392,renttrack,1
2393,30yr,1
2394,fixed6,1
2395,epicyoure,1
2396,farmland,1
2397,cancelled,1
2398,overhaul,1
2399,cardsbank,1
2400,775,1
2401,legitimate,1
2402,source,1
2403,nowhere,1
2404,welcome,1
2405,logic,1
2406,fixedadds,1
2407,accountability,1
2408,chicagoland,1
2409,fine,1
2410,outofpocket,1
2411,landhouse,1
2412,continuing,1
2413,abuse,1
2414,dealt,1
2415,fasfa,1
2416,fell,1
2417,hoa,1
2418,safely,1
2419,suck,1
2420,case,1
2421,renter,1
2422,accept,1
2423,requires,1
2424,nj,1
2425,purchased,1
2426,believed,1
2427,leveraging,1
2428,gross,1
2429,recommends,1
2430,pt,1
2431,ft,1
2432,efund,1
2433,crosscountry,1
2434,navient,1
2435,mae,1
2436,sallie,1
2437,suggest,1
2438,material,1
2439,rich,1
2440,feedback,1
2441,26f,1
2442,1500,1
2443,19070,1
2444,forgiven,1
2445,march,1
2446,added,1
2447,orphan,1
2448,deaf,1
2449,adoption,1
2450,rewardingso,1
2451,carddoesnt,1
2452,survives,1
2453,permanently,1
2454,stating,1
2455,42655,1
2456,excited,1
2457,resolve,1
2458,hcsa,1
2459,carrying,1
2460,fridays51719,1
2461,song,1
2462,identifying,1
2463,315355,1
2464,14237,1
2465,bs46,1
2466,stopped,1
2467,wwdrd,1
2468,cheapfree,1
2469,guardian,1
2470,owned,1
2471,savingsbank,1
2472,burn,1
2473,fullyfunded,1
2474,med,1
2475,solid,1
2476,eliminate,1
2477,e,1
2478,net,1
2479,48000,1
2480,37yo,1
2481,evaluate,1
2482,elsewhere,1
2483,sweat,1
2484,guaranteed,1
2485,daughter,1
2486,mindset,1
2487,awkward,1
2488,davidson,1
2489,harley,1
2490,counteroffer,1
2491,perhaps,1
2492,lowballed,1
2493,bet,1
2494,reaction,1
2495,task,1
2496,maintenance,1
2497,gotten,1
2498,guilt,1
2499,stage,1
2500,diet,1
2501,objectivity,1
2502,aus23,1
2503,fiancee,1
2504,touch,1
2505,loophole,1
2506,perspective,1
2507,technically,1
2508,unmotivated,1
2509,shortage,1
2510,escrow,1
2511,liable,1
2512,procedure,1
2513,bs3b,1
2514,motorcycle,1
2515,purse,1
2516,irrr,1
2517,application,1
2518,wanna,1
2519,restricted,1
2520,field,1
2521,compare,1
2522,forgo,1
2523,dust,1
2524,bite,1
2525,98000,1
2526,politics,1
2527,concern,1
2528,firing,1
2529,handing,1
2530,relocating,1
2531,resigning,1
2532,introductory,1
2533,jealous,1
2534,appraisal,1
2535,town,1
2536,resort,1
2537,investmentvacation,1
2538,spreading,1
2539,wasnt,1
2540,reduction,1
2541,1994,1
2542,ton,1
2543,19962011,1
2544,patriot,1
2545,ee,1
2546,32,1
2547,24yrs,1
2548,redistributing,1
2549,997,1
2550,pass,1
2551,hr,1
2552,matching,1
2553,salesman,1
2554,youll,1
2555,wrapify,1
2556,3550,1
2557,unavoidable,1
2558,oldsoon,1
2559,18yr,1
2560,cashing,1
2561,either,1
2562,actual,1
